cloud.google.com/go/storage,Unknown,Apache-2.0
golang.org/x/net,Unknown,BSD-3-Clause
github.com/newrelic/go-agent/v3/newrelic,Unknown,Apache-2.0
github.com/jackc/pgio,Unknown,MIT
github.com/jackc/pgx/v4,Unknown,MIT
golang.org/x/sync,Unknown,BSD-3-Clause
golang.org/x/crypto/pbkdf2,Unknown,BSD-3-Clause
github.com/golang/groupcache/lru,Unknown,Apache-2.0
golang.org/x/oauth2,Unknown,BSD-3-Clause
github.com/aws/aws-sdk-go,Unknown,Apache-2.0
github.com/jmespath/go-jmespath,Unknown,Apache-2.0
github.com/golang/protobuf,Unknown,BSD-3-Clause
github.com/jackc/pgpassfile,Unknown,MIT
google.golang.org/protobuf,Unknown,BSD-3-Clause
google.golang.org/api/internal/third_party/uritemplates,Unknown,BSD-3-Clause
github.com/tidwall/match,Unknown,MIT
github.com/tidwall/pretty,Unknown,MIT
command-line-arguments,Unknown,Unknown
github.com/sixgill/sense-api/pkg/config,Unknown,Unknown
github.com/sixgill/sense-api/pkg/gql/gqlevents,Unknown,Unknown
github.com/sixgill/sense-api/pkg/gql/gqlmodel,Unknown,Unknown
github.com/sixgill/sense-api/pkg/hyperlabel2/hlmodel,Unknown,Unknown
github.com/sixgill/sense-api/pkg/hyperlabel2/bucket,Unknown,Unknown
github.com/sixgill/sense-api/pkg/log,Unknown,Unknown
github.com/sixgill/sense-api/pkg/hyperlabel2/schema,Unknown,Unknown
github.com/sixgill/sense-api/pkg/hyperlabel2/video,Unknown,Unknown
github.com/sixgill/sense-api/pkg/model,Unknown,Unknown
github.com/sixgill/sense-api/pkg/notification/notificationmsg,Unknown,Unknown
github.com/sixgill/sense-api/pkg/util,Unknown,Unknown
github.com/sixgill/sense-api/pkg/queue,Unknown,Unknown
github.com/sixgill/sense-api/pkg/hyperlabel2/pubsub,Unknown,Unknown
github.com/sixgill/sense-api/pkg/hyperlabel2/pubsub/redis,Unknown,Unknown
github.com/sixgill/sense-api/pkg/notification,Unknown,Unknown
github.com/sixgill/sense-api/pkg/notification/emailer,Unknown,Unknown
github.com/keighl/postmark,Unknown,Unknown
github.com/sixgill/sense-api/pkg/notification/emailer/templater,Unknown,Unknown
github.com/sixgill/sense-api/pkg/worker,Unknown,Unknown
github.com/sixgill/sense-api/pkg/hyperlabel2/export,Unknown,Unknown
github.com/sixgill/sense-api/pkg/hyperlabel2/hlctx,Unknown,Unknown
github.com/go-redis/redis,Unknown,BSD-2-Clause
github.com/pkg/errors,Unknown,BSD-2-Clause
github.com/vektah/gqlparser/v2,Unknown,MIT
github.com/newrelic/go-agent/v3/internal,Unknown,Apache-2.0
github.com/hoisie/mustache,Unknown,MIT
github.com/lucasb-eyer/go-colorful,Unknown,MIT
github.com/tidwall/gjson,Unknown,MIT
golang.org/x/xerrors,Unknown,BSD-3-Clause
golang.org/x/text,Unknown,BSD-3-Clause
golang.org/x/image,Unknown,BSD-3-Clause
go.uber.org/zap,Unknown,MIT
go.uber.org/multierr,Unknown,MIT
cloud.google.com/go,Unknown,Apache-2.0
gorm.io/gorm,Unknown,MIT
cloud.google.com/go/pubsub,Unknown,Apache-2.0
golang.org/x/sys,Unknown,BSD-3-Clause
gorm.io/driver/sqlite,Unknown,MIT
github.com/kelseyhightower/envconfig,Unknown,MIT
github.com/jackc/chunkreader/v2,Unknown,MIT
github.com/jackc/pgtype,Unknown,MIT
github.com/miolini/datacounter,Unknown,MIT
google.golang.org/api,Unknown,BSD-3-Clause
github.com/disintegration/imaging,Unknown,MIT
go.uber.org/atomic,Unknown,MIT
github.com/jinzhu/inflection,Unknown,MIT
github.com/google/uuid,Unknown,BSD-3-Clause
github.com/googleapis/gax-go/v2,Unknown,BSD-3-Clause
github.com/oklog/ulid,Unknown,Apache-2.0
github.com/jinzhu/now,Unknown,MIT
gorm.io/driver/postgres,Unknown,MIT
github.com/nfnt/resize,Unknown,ISC
github.com/jackc/pgproto3/v2,Unknown,MIT
github.com/mattn/go-sqlite3,Unknown,MIT
github.com/jackc/pgservicefile,Unknown,MIT
google.golang.org/grpc,Unknown,Apache-2.0
google.golang.org/genproto,Unknown,Apache-2.0
go.opencensus.io,Unknown,Apache-2.0
github.com/jackc/pgconn,Unknown,MIT
github.com/99designs/gqlgen/graphql,Unknown,MIT
github.com/aws/aws-sdk-go/internal/sync/singleflight,Unknown,BSD-3-Clause
github.com/rwcarlsen/goexif,Unknown,BSD-2-Clause
github.com/google/go-cmp/cmp,Unknown,BSD-3-Clause
github.com/oliamb/cutter,Unknown,MIT
