github.com/matttproud/golang_protobuf_extensions/pbutil,Unknown,Apache-2.0
github.com/jackc/pgpassfile,Unknown,MIT
golang.org/x/image,Unknown,BSD-3-Clause
go.opentelemetry.io/otel/trace,Unknown,Apache-2.0
golang.org/x/crypto,Unknown,BSD-3-Clause
github.com/jackc/pgtype,Unknown,MIT
golang.org/x/sync,Unknown,BSD-3-Clause
github.com/aws/aws-sdk-go/internal/sync/singleflight,Unknown,BSD-3-Clause
github.com/jinzhu/now,Unknown,MIT
github.com/jackc/pgservicefile,Unknown,MIT
cloud.google.com/go/firestore,Unknown,Apache-2.0
github.com/agnivade/levenshtein,Unknown,MIT
github.com/gorilla/websocket,Unknown,BSD-2-Clause
gorm.io/gorm,Unknown,MIT
go.opencensus.io,Unknown,Apache-2.0
github.com/rwcarlsen/goexif,Unknown,BSD-2-Clause
github.com/jinzhu/inflection,Unknown,MIT
go.opentelemetry.io/otel/metric,Unknown,Apache-2.0
github.com/go-chi/chi,Unknown,MIT
github.com/prometheus/client_model/go,Unknown,Apache-2.0
google.golang.org/grpc,Unknown,Apache-2.0
go.uber.org/zap,Unknown,MIT
github.com/vektah/gqlparser/v2,Unknown,MIT
github.com/stripe/stripe-go/v72,Unknown,MIT
github.com/prometheus/common,Unknown,Apache-2.0
github.com/newrelic/go-agent/v3/newrelic,Unknown,Apache-2.0
github.com/rs/cors,Unknown,MIT
github.com/pkg/errors,Unknown,BSD-2-Clause
github.com/jmespath/go-jmespath,Unknown,Apache-2.0
github.com/tidwall/gjson,Unknown,MIT
github.com/google/uuid,Unknown,BSD-3-Clause
golang.org/x/sys,Unknown,BSD-3-Clause
github.com/newrelic/go-agent/v3/internal,Unknown,Apache-2.0
github.com/golang/groupcache/lru,Unknown,Apache-2.0
go.opentelemetry.io/otel,Unknown,Apache-2.0
google.golang.org/protobuf,Unknown,BSD-3-Clause
github.com/prometheus/procfs,Unknown,Apache-2.0
cloud.google.com/go,Unknown,Apache-2.0
golang.org/x/text,Unknown,BSD-3-Clause
github.com/jackc/pgx/v4,Unknown,MIT
github.com/jackc/pgconn,Unknown,MIT
github.com/jackc/pgio,Unknown,MIT
cloud.google.com/go/pubsub,Unknown,Apache-2.0
github.com/prometheus/client_golang/prometheus,Unknown,Apache-2.0
github.com/beorn7/perks/quantile,Unknown,MIT
github.com/golang/protobuf,Unknown,BSD-3-Clause
github.com/hoisie/mustache,Unknown,MIT
github.com/jackc/pgproto3/v2,Unknown,MIT
golang.org/x/xerrors,Unknown,BSD-3-Clause
github.com/766b/chi-prometheus,Unknown,Apache-2.0
github.com/lucasb-eyer/go-colorful,Unknown,MIT
github.com/jackc/chunkreader/v2,Unknown,MIT
github.com/aws/aws-sdk-go,Unknown,Apache-2.0
github.com/miolini/datacounter,Unknown,MIT
golang.org/x/net,Unknown,BSD-3-Clause
github.com/googleapis/gax-go/v2,Unknown,BSD-3-Clause
github.com/99designs/gqlgen,Unknown,MIT
github.com/google/go-cmp/cmp,Unknown,BSD-3-Clause
github.com/cespare/xxhash/v2,Unknown,MIT
github.com/kelseyhightower/envconfig,Unknown,MIT
github.com/oklog/ulid,Unknown,Apache-2.0
gorm.io/driver/sqlite,Unknown,MIT
github.com/dgrijalva/jwt-go,Unknown,MIT
github.com/prometheus/common/internal/bitbucket.org/ww/goautoneg,Unknown,BSD-3-Clause
go.uber.org/atomic,Unknown,MIT
github.com/tidwall/pretty,Unknown,MIT
golang.org/x/oauth2,Unknown,BSD-3-Clause
github.com/oliamb/cutter,Unknown,MIT
github.com/mattn/go-sqlite3,Unknown,MIT
command-line-arguments,Unknown,Unknown
github.com/sixgill/sense-api/pkg/blob,Unknown,Unknown
github.com/sixgill/sense-api/pkg/config,Unknown,Unknown
github.com/sixgill/sense-api/pkg/log,Unknown,Unknown
github.com/sixgill/sense-api/pkg/gql,Unknown,Unknown
github.com/sixgill/sense-api/pkg/gql/generated,Unknown,Unknown
github.com/sixgill/sense-api/pkg/gql/gqlmodel,Unknown,Unknown
github.com/sixgill/sense-api/pkg/hyperlabel2/hlmodel,Unknown,Unknown
github.com/sixgill/sense-api/pkg/hyperlabel2/bucket,Unknown,Unknown
github.com/sixgill/sense-api/pkg/hyperlabel2/schema,Unknown,Unknown
github.com/sixgill/sense-api/pkg/hyperlabel2/video,Unknown,Unknown
github.com/sixgill/sense-api/pkg/model,Unknown,Unknown
github.com/sixgill/sense-api/pkg/notification/notificationmsg,Unknown,Unknown
github.com/sixgill/sense-api/pkg/util,Unknown,Unknown
github.com/sixgill/sense-api/pkg/gql/gqldebug,Unknown,Unknown
github.com/sixgill/sense-api/pkg/gql/gqlmware,Unknown,Unknown
github.com/sixgill/sense-api/pkg/gql/repo,Unknown,Unknown
github.com/sixgill/sense-api/pkg/gql/dataloaders,Unknown,Unknown
github.com/sixgill/sense-api/pkg/gql/gqlevents,Unknown,Unknown
github.com/sixgill/sense-api/pkg/queue,Unknown,Unknown
github.com/sixgill/sense-api/pkg/hyperlabel2/auth,Unknown,Unknown
github.com/sixgill/sense-api/pkg/hyperlabel2/auth/db,Unknown,Unknown
github.com/sixgill/sense-api/pkg/hyperlabel2/pyclient,Unknown,Unknown
github.com/sixgill/sense-api/pkg/hyperlabel2/hlctx,Unknown,Unknown
github.com/sixgill/sense-api/pkg/image,Unknown,Unknown
github.com/sixgill/sense-api/pkg/ingress,Unknown,Unknown
github.com/sixgill/sense-api/pkg/apiutil,Unknown,Unknown
github.com/sixgill/sense-api/pkg/notification,Unknown,Unknown
github.com/sixgill/sense-api/pkg/notification/emailer,Unknown,Unknown
github.com/keighl/postmark,Unknown,Unknown
github.com/sixgill/sense-api/pkg/notification/emailer/templater,Unknown,Unknown
github.com/sixgill/sense-api/pkg/proto/smartml,Unknown,Unknown
github.com/sixgill/sense-api/pkg/worker,Unknown,Unknown
github.com/sixgill/sense-api/pkg/hyperlabel2/export,Unknown,Unknown
github.com/sixgill/sense-api/pkg/hyperlabel2/pubsub,Unknown,Unknown
github.com/sixgill/sense-api/pkg/gql/resolvers,Unknown,Unknown
github.com/sixgill/sense-api/pkg/gql/types,Unknown,Unknown
github.com/sixgill/sense-api/pkg/hyperlabel2,Unknown,Unknown
github.com/sixgill/sense-api/pkg/hyperlabel2/billing,Unknown,Unknown
github.com/sixgill/sense-api/pkg/query,Unknown,Unknown
github.com/sixgill/sense-api/pkg/hyperlabel2/pubsub/redis,Unknown,Unknown
github.com/sixgill/sense-api/pkg/middleware,Unknown,Unknown
github.com/sixgill/sense-api/pkg/notification/notificationserver,Unknown,Unknown
github.com/sixgill/sense-api/pkg/version,Unknown,Unknown
github.com/go-redis/redis,Unknown,BSD-2-Clause
cloud.google.com/go/storage,Unknown,Apache-2.0
github.com/mitchellh/mapstructure,Unknown,MIT
github.com/hashicorp/golang-lru,Unknown,MPL-2.0
github.com/disintegration/imaging,Unknown,MIT
google.golang.org/genproto,Unknown,Apache-2.0
google.golang.org/api/internal/third_party/uritemplates,Unknown,BSD-3-Clause
go.uber.org/multierr,Unknown,MIT
gorm.io/driver/postgres,Unknown,MIT
google.golang.org/api,Unknown,BSD-3-Clause
github.com/tidwall/match,Unknown,MIT
github.com/nfnt/resize,Unknown,ISC
